state,date,month,avg_temperature,total_rainfall_mm,temp_anomaly_deg,rainfall_anomaly_pct,heatwave_days,drought_severity,crop_production_1000t,irrigation_coverage_pct,crop_failure_rate_pct,fertilizer_consumption_kg_per_ha,land_under_cultivation_1000ha,gdp_estimate_crores,unemployment_rate_pct,inflation_rate_pct,poverty_rate_pct,per_capita_income_inr,year,month_num,quarter,season,climate_stress,agri_stress,econ_stress
Andhra Pradesh,2024-01-01,2024-01,23.7,240.1,-3.34,161.9,0,0,8622.0,49.4,2.7,135.0,5468.0,300000.0,6.61,5.88,8.3,60000000.0,2024,1,1,Winter,11.435,7.760000000000001,12.49
Andhra Pradesh,2024-01-31,2024-01,25.8,364.9,-1.2,298.0,0,0,15052.0,49.4,7.2,89.5,5245.0,301460.0,6.07,5.77,9.8,60292053.0,2024,1,1,Winter,16.1,12.260000000000002,11.84
Andhra Pradesh,2024-03-01,2024-03,26.5,85.2,-0.47,-7.0,0,0,9067.0,53.8,7.1,92.5,5355.0,302928.0,5.49,6.26,6.0,60585528.0,2024,3,1,Summer,0.82,11.719999999999999,11.75
Andhra Pradesh,2024-03-31,2024-03,32.7,0.0,5.66,-100.0,0,10,13066.0,60.8,3.9,78.4,5308.0,304402.0,6.56,6.61,12.1,60880431.0,2024,3,1,Summer,10.66,7.82,13.17
Andhra Pradesh,2024-04-30,2024-04,30.4,0.0,3.39,-100.0,0,10,5593.0,56.6,24.1,75.0,5462.0,305884.0,5.73,6.15,6.8,61176769.0,2024,4,2,Summer,8.39,28.44,11.88
Andhra Pradesh,2024-05-30,2024-05,31.1,78.9,4.07,-14.0,0,0,14445.0,60.2,3.4,85.9,4296.0,307373.0,6.62,6.25,7.9,61474550.0,2024,5,2,Summer,4.7700000000000005,7.379999999999999,12.870000000000001
Andhra Pradesh,2024-06-29,2024-06,31.8,106.7,4.81,16.4,0,0,10330.0,48.6,6.8,135.1,3959.0,308869.0,6.08,5.95,11.2,61773781.0,2024,6,2,Monsoon,5.63,11.94,12.030000000000001
Andhra Pradesh,2024-07-29,2024-07,26.1,208.2,-0.95,127.1,0,0,20089.0,54.5,5.6,89.1,5200.0,310372.0,6.72,5.19,6.3,62074468.0,2024,7,3,Monsoon,7.305,10.149999999999999,11.91
Andhra Pradesh,2024-08-28,2024-08,25.0,100.3,-2.03,9.4,0,0,14887.0,55.6,8.3,103.0,4818.0,311883.0,5.79,5.01,7.1,62376618.0,2024,8,3,Monsoon,2.5,12.74,10.8
Andhra Pradesh,2024-09-27,2024-09,22.7,0.0,-4.32,-100.0,0,10,14829.0,46.4,25.9,73.0,5372.0,313401.0,5.52,4.9,8.9,62680240.0,2024,9,3,Monsoon,9.32,31.259999999999998,10.42
Andhra Pradesh,2024-10-27,2024-10,25.6,0.0,-1.4,-100.0,0,10,12410.0,55.1,24.4,107.0,4730.0,314927.0,6.02,4.71,8.5,62985339.0,2024,10,4,Post-Monsoon,6.4,28.89,10.73
Andhra Pradesh,2024-11-26,2024-11,22.1,52.5,-4.86,-42.7,0,10,10132.0,50.1,25.6,108.2,4149.0,316460.0,5.54,5.57,11.1,63291923.0,2024,11,4,Post-Monsoon,6.995000000000001,30.590000000000003,11.11
Arunachal Pradesh,2024-01-01,2024-01,21.6,258.8,-5.42,182.3,0,0,14470.0,56.3,6.4,119.7,5833.0,300000.0,5.08,5.52,6.0,60000000.0,2024,1,1,Winter,14.535,10.77,10.6
Arunachal Pradesh,2024-01-31,2024-01,22.2,278.7,-4.8,204.0,0,0,14434.0,48.6,0.0,87.5,5013.0,301460.0,5.67,6.27,6.1,60292053.0,2024,1,1,Winter,15.0,5.14,11.94
Arunachal Pradesh,2024-03-01,2024-03,25.8,83.6,-1.2,-8.8,0,0,13242.0,55.9,2.8,84.9,4694.0,302928.0,5.54,6.36,9.4,60585528.0,2024,3,1,Summer,1.6400000000000001,7.21,11.9
Arunachal Pradesh,2024-03-31,2024-03,28.3,0.0,1.3,-100.0,0,10,8624.0,48.2,2.2,80.5,5527.0,304402.0,6.03,6.58,9.4,60880431.0,2024,3,1,Summer,6.3,7.38,12.61
Arunachal Pradesh,2024-04-30,2024-04,31.3,0.0,4.3,-100.0,0,10,4051.0,57.5,32.9,103.7,4571.0,305884.0,5.73,6.58,12.3,61176769.0,2024,4,2,Summer,9.3,37.15,12.31
Arunachal Pradesh,2024-05-30,2024-05,33.6,58.1,6.65,-36.6,0,10,17101.0,55.6,23.3,151.2,4952.0,307373.0,6.67,5.91,10.7,61474550.0,2024,5,2,Summer,8.48,27.740000000000002,12.58
Arunachal Pradesh,2024-06-29,2024-06,31.7,103.2,4.75,12.6,0,0,18448.0,54.8,2.9,135.4,4687.0,308869.0,6.41,5.46,10.6,61773781.0,2024,6,2,Monsoon,5.38,7.42,11.870000000000001
Arunachal Pradesh,2024-07-29,2024-07,26.8,265.2,-0.16,189.3,0,0,20437.0,52.2,7.1,112.6,5486.0,310372.0,6.77,4.96,7.2,62074468.0,2024,7,3,Monsoon,9.625,11.879999999999999,11.73
Arunachal Pradesh,2024-08-28,2024-08,28.5,96.4,1.48,5.1,0,0,16865.0,51.4,0.3,95.0,4963.0,311883.0,6.51,5.02,10.1,62376618.0,2024,8,3,Monsoon,1.7349999999999999,5.16,11.53
Arunachal Pradesh,2024-09-27,2024-09,24.3,0.0,-2.73,-100.0,0,10,16862.0,48.3,25.5,107.6,5305.0,313401.0,6.17,4.92,6.3,62680240.0,2024,9,3,Monsoon,7.73,30.67,11.09
Arunachal Pradesh,2024-10-27,2024-10,19.7,0.0,-7.29,-100.0,0,10,13343.0,59.2,28.2,109.2,4965.0,314927.0,6.52,5.28,8.5,62985339.0,2024,10,4,Post-Monsoon,12.29,32.28,11.8
Arunachal Pradesh,2024-11-26,2024-11,21.1,120.7,-5.92,31.7,0,0,8014.0,56.0,6.3,105.4,4362.0,316460.0,5.98,4.84,10.0,63291923.0,2024,11,4,Post-Monsoon,7.505,10.7,10.82
Assam,2024-01-01,2024-01,20.4,300.3,-3.64,28.7,0,0,9405.0,54.8,8.2,113.6,5014.0,300000.0,6.29,5.78,11.2,60000000.0,2024,1,1,Winter,5.075,12.719999999999999,12.07
Assam,2024-01-31,2024-01,22.1,563.8,-1.85,141.6,0,0,12071.0,52.4,7.8,101.9,4769.0,301460.0,5.83,6.47,7.0,60292053.0,2024,1,1,Winter,8.93,12.559999999999999,12.3
Assam,2024-03-01,2024-03,22.6,276.2,-1.35,18.4,0,0,10957.0,56.1,4.1,90.4,5628.0,302928.0,5.99,6.61,9.5,60585528.0,2024,3,1,Summer,2.27,8.489999999999998,12.600000000000001
Assam,2024-03-31,2024-03,28.6,0.0,4.56,-100.0,0,10,9853.0,52.8,4.4,128.9,5098.0,304402.0,5.82,6.76,10.7,60880431.0,2024,3,1,Summer,9.559999999999999,9.120000000000001,12.58
Assam,2024-04-30,2024-04,26.7,0.0,2.65,-100.0,0,10,6032.0,56.3,20.5,117.8,5041.0,305884.0,5.78,6.18,12.5,61176769.0,2024,4,2,Summer,7.65,24.87,11.96
Assam,2024-05-30,2024-05,29.7,301.6,5.66,29.3,0,0,18196.0,62.0,3.4,146.0,4819.0,307373.0,6.69,5.91,10.4,61474550.0,2024,5,2,Summer,7.125,7.199999999999999,12.600000000000001
Assam,2024-06-29,2024-06,27.4,602.0,3.37,158.0,0,0,13663.0,62.9,9.4,89.5,4790.0,308869.0,5.75,5.88,9.6,61773781.0,2024,6,2,Monsoon,11.27,13.11,11.629999999999999
Assam,2024-07-29,2024-07,24.3,408.7,0.29,75.2,0,0,14155.0,50.4,1.0,79.9,4616.0,310372.0,5.88,5.06,7.6,62074468.0,2024,7,3,Monsoon,4.05,5.96,10.94
Assam,2024-08-28,2024-08,25.6,328.3,1.63,40.7,0,0,14896.0,62.8,5.7,80.0,5492.0,311883.0,5.54,4.68,8.9,62376618.0,2024,8,3,Monsoon,3.665,9.42,10.219999999999999
Assam,2024-09-27,2024-09,21.4,0.0,-2.64,-100.0,0,10,14358.0,58.4,24.9,77.5,5191.0,313401.0,5.64,5.0,12.0,62680240.0,2024,9,3,Monsoon,7.640000000000001,29.06,10.64
Assam,2024-10-27,2024-10,20.4,0.0,-3.61,-100.0,0,10,12399.0,56.4,26.5,149.1,4681.0,314927.0,5.71,5.01,10.0,62985339.0,2024,10,4,Post-Monsoon,8.61,30.86,10.719999999999999
Assam,2024-11-26,2024-11,19.7,341.0,-4.28,46.1,0,0,10726.0,52.2,3.1,87.3,5595.0,316460.0,6.24,5.32,10.5,63291923.0,2024,11,4,Post-Monsoon,6.585000000000001,7.879999999999999,11.56
Bihar,2024-01-01,2024-01,22.6,368.0,-4.4,301.4,0,0,15409.0,50.8,3.3,109.4,4724.0,200000.0,8.74,6.13,14.5,40000000.0,2024,1,1,Winter,19.47,8.219999999999999,14.870000000000001
Bihar,2024-01-31,2024-01,19.3,312.2,-7.74,240.6,0,0,13519.0,47.4,5.6,131.0,5898.0,200974.0,8.94,6.77,12.8,40194702.0,2024,1,1,Winter,19.77,10.86,15.709999999999999
Bihar,2024-03-01,2024-03,27.2,83.4,0.17,-9.0,0,0,10529.0,56.4,3.8,106.7,5329.0,201952.0,8.84,7.3,14.9,40390352.0,2024,3,1,Summer,0.62,8.16,16.14
Bihar,2024-03-31,2024-03,29.7,0.0,2.68,-100.0,0,10,16824.0,51.0,4.5,72.4,4635.0,202935.0,9.68,7.26,10.0,40586954.0,2024,3,1,Summer,7.68,9.4,16.939999999999998
Bihar,2024-04-30,2024-04,30.9,0.0,3.89,-100.0,0,10,4967.0,52.4,30.4,104.5,4992.0,203923.0,8.65,7.58,12.3,40784513.0,2024,4,2,Summer,8.89,35.16,16.23
Bihar,2024-05-30,2024-05,35.0,77.4,7.96,-15.5,0,0,18565.0,52.3,12.6,90.2,5522.0,204915.0,9.23,6.6,14.1,40983034.0,2024,5,2,Summer,8.735,17.37,15.83
Bihar,2024-06-29,2024-06,29.7,212.7,2.71,132.1,0,0,17046.0,57.9,10.5,92.8,5295.0,205913.0,8.2,7.02,16.7,41182521.0,2024,6,2,Monsoon,9.315,14.71,15.219999999999999
Bihar,2024-07-29,2024-07,31.3,275.1,4.33,200.2,0,0,18326.0,57.5,7.5,121.3,5585.0,206915.0,8.12,5.84,14.5,41382979.0,2024,7,3,Monsoon,14.34,11.75,13.959999999999999
Bihar,2024-08-28,2024-08,25.9,105.8,-1.06,15.4,0,0,19146.0,54.2,6.9,102.9,5603.0,207922.0,8.31,5.62,12.8,41584412.0,2024,8,3,Monsoon,1.83,11.48,13.93
Bihar,2024-09-27,2024-09,24.7,0.0,-2.31,-100.0,0,10,12549.0,53.0,26.1,100.6,5639.0,208934.0,7.54,5.5,11.4,41786827.0,2024,9,3,Monsoon,7.3100000000000005,30.8,13.04
Bihar,2024-10-27,2024-10,21.3,0.0,-5.73,-100.0,0,10,12459.0,48.2,25.1,114.9,5323.0,209951.0,8.25,6.07,10.2,41990226.0,2024,10,4,Post-Monsoon,10.73,30.28,14.32
Bihar,2024-11-26,2024-11,21.2,51.4,-5.78,-43.9,0,10,17192.0,56.1,24.1,105.0,5789.0,210973.0,8.91,5.92,12.2,42194616.0,2024,11,4,Post-Monsoon,7.975,28.490000000000002,14.83
Chhattisgarh,2024-01-01,2024-01,23.3,270.1,-3.74,194.6,0,0,11771.0,58.0,5.8,103.7,4777.0,300000.0,6.4,5.9,10.1,60000000.0,2024,1,1,Winter,13.47,10.0,12.3
Chhattisgarh,2024-01-31,2024-01,24.5,232.8,-2.49,154.0,0,0,12466.0,49.9,8.2,102.7,4650.0,301460.0,6.48,6.2,7.8,60292053.0,2024,1,1,Winter,10.190000000000001,13.209999999999999,12.68
Chhattisgarh,2024-03-01,2024-03,24.2,80.1,-2.83,-12.6,0,0,14868.0,52.2,0.4,107.5,5783.0,302928.0,5.46,6.42,14.9,60585528.0,2024,3,1,Summer,3.46,5.18,11.879999999999999
Chhattisgarh,2024-03-31,2024-03,28.8,0.0,1.81,-100.0,0,10,11842.0,64.4,3.3,71.0,3901.0,304402.0,6.62,6.39,6.4,60880431.0,2024,3,1,Summer,6.8100000000000005,6.859999999999999,13.01
Chhattisgarh,2024-04-30,2024-04,31.0,0.0,4.01,-100.0,0,10,5440.0,49.9,23.5,114.2,5122.0,305884.0,6.24,6.83,10.1,61176769.0,2024,4,2,Summer,9.01,28.509999999999998,13.07
Chhattisgarh,2024-05-30,2024-05,35.8,96.5,8.77,5.2,0,0,13308.0,59.4,1.2,113.0,4950.0,307373.0,5.87,6.26,9.7,61474550.0,2024,5,2,Summer,9.03,5.260000000000001,12.129999999999999
Chhattisgarh,2024-06-29,2024-06,31.8,244.8,4.85,167.1,0,0,20540.0,47.4,1.8,86.2,4977.0,308869.0,6.04,5.13,8.5,61773781.0,2024,6,2,Monsoon,13.205,7.06,11.17
Chhattisgarh,2024-07-29,2024-07,25.7,248.4,-1.34,171.0,0,0,15730.0,56.8,4.3,75.0,5722.0,310372.0,5.57,5.35,15.0,62074468.0,2024,7,3,Monsoon,9.89,8.620000000000001,10.92
Chhattisgarh,2024-08-28,2024-08,27.1,159.4,0.12,73.9,0,0,14754.0,56.7,8.4,109.1,5285.0,311883.0,6.18,4.84,10.8,62376618.0,2024,8,3,Monsoon,3.8150000000000004,12.73,11.02
Chhattisgarh,2024-09-27,2024-09,24.1,0.0,-2.88,-100.0,0,10,16343.0,61.6,26.9,103.9,5355.0,313401.0,6.24,4.93,10.2,62680240.0,2024,9,3,Monsoon,7.88,30.74,11.17
Chhattisgarh,2024-10-27,2024-10,22.6,0.0,-4.4,-100.0,0,10,11785.0,51.6,29.3,136.0,4980.0,314927.0,7.03,4.59,9.9,62985339.0,2024,10,4,Post-Monsoon,9.4,34.14,11.620000000000001
Chhattisgarh,2024-11-26,2024-11,24.3,112.3,-2.71,22.6,0,0,8566.0,51.6,5.4,116.8,4674.0,316460.0,5.54,5.47,7.2,63291923.0,2024,11,4,Post-Monsoon,3.84,10.24,11.01
Goa,2024-01-01,2024-01,25.3,413.9,-2.75,98.7,0,0,10929.0,52.7,0.0,51.5,4208.0,300000.0,5.79,5.71,11.0,60000000.0,2024,1,1,Winter,7.6850000000000005,4.7299999999999995,11.5
Goa,2024-01-31,2024-01,28.3,329.8,0.31,58.3,0,0,13825.0,57.1,7.4,80.7,4976.0,301460.0,6.46,5.93,9.1,60292053.0,2024,1,1,Winter,3.225,11.690000000000001,12.39
Goa,2024-03-01,2024-03,29.2,345.2,1.17,65.7,0,0,11991.0,62.5,1.5,117.5,4890.0,302928.0,5.65,6.29,8.6,60585528.0,2024,3,1,Summer,4.455,5.25,11.940000000000001
Goa,2024-03-31,2024-03,28.5,0.0,0.52,-100.0,0,10,12065.0,44.8,5.6,95.1,4659.0,304402.0,5.85,7.53,9.9,60880431.0,2024,3,1,Summer,5.52,11.120000000000001,13.379999999999999
Goa,2024-04-30,2024-04,32.5,0.0,4.53,-100.0,0,10,3998.0,64.0,24.2,112.8,4714.0,305884.0,5.31,6.5,11.0,61176769.0,2024,4,2,Summer,9.530000000000001,27.8,11.809999999999999
Goa,2024-05-30,2024-05,29.9,212.6,1.9,2.1,0,0,16718.0,59.6,9.2,101.2,4677.0,307373.0,7.04,5.82,5.2,61474550.0,2024,5,2,Summer,2.005,13.239999999999998,12.86
Goa,2024-06-29,2024-06,30.2,650.0,2.21,212.0,0,0,17095.0,59.5,6.2,112.7,5525.0,308869.0,6.94,5.92,7.3,61773781.0,2024,6,2,Monsoon,12.809999999999999,10.25,12.86
Goa,2024-07-29,2024-07,28.7,833.8,0.66,300.2,0,0,13394.0,56.0,9.0,141.5,4655.0,310372.0,6.27,4.51,9.0,62074468.0,2024,7,3,Monsoon,15.67,13.4,10.78
Goa,2024-08-28,2024-08,26.4,188.2,-1.57,-9.7,0,0,20208.0,51.7,5.6,90.3,4840.0,311883.0,6.16,5.21,7.0,62376618.0,2024,8,3,Monsoon,2.055,10.43,11.370000000000001
Goa,2024-09-27,2024-09,27.1,0.0,-0.87,-100.0,0,10,16272.0,52.1,26.6,99.5,6071.0,313401.0,6.04,4.52,9.5,62680240.0,2024,9,3,Monsoon,5.87,31.39,10.559999999999999
Goa,2024-10-27,2024-10,24.1,0.0,-3.88,-100.0,0,10,16146.0,55.2,26.3,102.4,5307.0,314927.0,5.55,4.81,7.0,62985339.0,2024,10,4,Post-Monsoon,8.879999999999999,30.78,10.36
Goa,2024-11-26,2024-11,19.8,219.9,-8.21,5.5,0,0,9545.0,46.7,4.2,108.0,5324.0,316460.0,6.33,5.56,8.5,63291923.0,2024,11,4,Post-Monsoon,8.485000000000001,9.530000000000001,11.89
Gujarat,2024-01-01,2024-01,28.2,112.4,-3.81,237.3,0,0,13008.0,28.9,9.7,70.7,6112.0,500000.0,4.52,4.77,6.2,100000000.0,2024,1,1,Winter,15.675,16.81,9.29
Gujarat,2024-01-31,2024-01,27.0,55.0,-4.97,65.0,0,0,17416.0,32.7,10.1,121.6,5981.0,502434.0,4.47,6.49,4.5,100486755.0,2024,1,1,Winter,8.219999999999999,16.83,10.96
Gujarat,2024-03-01,2024-03,33.0,36.3,1.04,8.9,0,0,13903.0,38.3,7.7,68.5,6738.0,504879.0,5.23,6.37,7.3,100975879.0,2024,3,1,Summer,1.485,13.870000000000001,11.600000000000001
Gujarat,2024-03-31,2024-03,35.0,0.0,3.0,-100.0,0,10,18375.0,37.0,3.1,109.9,6130.0,507337.0,5.38,6.31,7.5,101467385.0,2024,3,1,Summer,8.0,9.4,11.69
Gujarat,2024-04-30,2024-04,35.0,0.0,2.97,-100.0,0,10,5340.0,34.9,23.0,123.5,6272.0,509806.0,4.47,6.43,8.9,101961282.0,2024,4,2,Summer,7.970000000000001,29.509999999999998,10.899999999999999
Gujarat,2024-05-30,2024-05,37.6,26.2,5.59,-21.4,0,10,16666.0,20.8,27.3,123.0,5130.0,512288.0,4.19,5.3,6.3,102457584.0,2024,5,2,Summer,6.66,35.22,9.49
Gujarat,2024-06-29,2024-06,40.1,104.0,8.06,212.0,0,0,16695.0,28.5,1.6,123.2,5766.0,514782.0,4.1,5.18,9.2,102956301.0,2024,6,2,Monsoon,18.66,8.75,9.28
Gujarat,2024-07-29,2024-07,35.8,64.4,3.81,93.3,0,0,19247.0,37.4,4.9,101.5,5359.0,517287.0,4.27,4.69,6.9,103457446.0,2024,7,3,Monsoon,8.475,11.16,8.96
Gujarat,2024-08-28,2024-08,33.6,44.9,1.57,34.8,0,0,21587.0,27.2,3.5,91.4,6750.0,519805.0,4.92,3.66,5.5,103961031.0,2024,8,3,Monsoon,3.3099999999999996,10.78,8.58
Gujarat,2024-09-27,2024-09,27.9,0.0,-4.14,-100.0,0,10,21061.0,33.3,24.0,93.6,7038.0,522335.0,4.61,4.56,5.8,104467066.0,2024,9,3,Monsoon,9.14,30.67,9.17
Gujarat,2024-10-27,2024-10,28.5,0.0,-3.5,-100.0,0,10,15500.0,40.2,26.3,104.8,5870.0,524878.0,3.56,4.52,5.5,104975565.0,2024,10,4,Post-Monsoon,8.5,32.28,8.08
Gujarat,2024-11-26,2024-11,30.8,30.9,-1.21,-7.4,0,0,13835.0,34.8,4.8,114.6,6026.0,527433.0,3.91,4.51,6.4,105486539.0,2024,11,4,Post-Monsoon,1.58,11.32,8.42
Haryana,2024-01-01,2024-01,26.2,66.8,-5.84,100.3,0,0,34396.0,85.4,4.8,60.0,12958.0,300000.0,5.7,5.14,10.8,60000000.0,2024,1,1,Winter,10.855,6.26,10.84
Haryana,2024-01-31,2024-01,27.9,89.0,-4.13,166.9,0,0,32079.0,70.5,8.0,141.8,12430.0,301460.0,6.64,6.5,6.7,60292053.0,2024,1,1,Winter,12.475000000000001,10.95,13.14
Haryana,2024-03-01,2024-03,32.7,36.1,0.68,8.3,0,0,36649.0,88.1,1.9,78.9,12188.0,302928.0,5.9,6.66,10.2,60585528.0,2024,3,1,Summer,1.0950000000000002,3.0900000000000007,12.56
Haryana,2024-03-31,2024-03,36.2,0.0,4.15,-100.0,0,10,41484.0,86.1,4.4,117.4,12748.0,304402.0,6.33,6.58,9.2,60880431.0,2024,3,1,Summer,9.15,5.790000000000001,12.91
Haryana,2024-04-30,2024-04,39.2,0.0,7.24,-100.0,0,10,12876.0,97.0,26.1,98.8,12601.0,305884.0,6.23,7.1,10.4,61176769.0,2024,4,2,Summer,12.24,26.400000000000002,13.33
Haryana,2024-05-30,2024-05,42.4,39.6,10.44,18.8,0,0,45380.0,90.9,8.3,112.8,11928.0,307373.0,6.39,6.33,11.8,61474550.0,2024,5,2,Summer,11.379999999999999,9.21,12.719999999999999
Haryana,2024-06-29,2024-06,34.2,104.2,2.19,212.7,0,0,49751.0,86.5,1.6,84.9,12468.0,308869.0,6.2,5.54,11.8,61773781.0,2024,6,2,Monsoon,12.825,2.95,11.74
Haryana,2024-07-29,2024-07,34.1,110.6,2.05,231.7,0,0,39966.0,87.1,6.0,132.3,12727.0,310372.0,6.35,5.17,8.0,62074468.0,2024,7,3,Monsoon,13.634999999999998,7.290000000000001,11.52
Haryana,2024-08-28,2024-08,32.9,32.6,0.95,-2.2,0,0,35669.0,90.9,7.9,75.4,12799.0,311883.0,6.15,5.07,9.4,62376618.0,2024,8,3,Monsoon,1.06,8.81,11.22
Haryana,2024-09-27,2024-09,27.8,0.0,-4.19,-100.0,0,10,42759.0,91.9,24.1,97.0,12563.0,313401.0,6.16,5.31,11.1,62680240.0,2024,9,3,Monsoon,9.190000000000001,24.91,11.469999999999999
Haryana,2024-10-27,2024-10,26.8,0.0,-5.22,-100.0,0,10,28962.0,79.5,25.0,71.2,13297.0,314927.0,6.1,5.22,6.9,62985339.0,2024,10,4,Post-Monsoon,10.219999999999999,27.05,11.32
Haryana,2024-11-26,2024-11,27.4,20.9,-4.57,-37.4,0,10,24918.0,74.2,22.0,87.2,11838.0,316460.0,6.2,5.84,8.6,63291923.0,2024,11,4,Post-Monsoon,6.44,24.58,12.04
Himachal Pradesh,2024-01-01,2024-01,11.0,304.8,-3.98,204.8,0,0,15941.0,51.6,8.0,145.0,5491.0,300000.0,5.58,5.6,6.8,60000000.0,2024,1,1,Winter,14.22,12.84,11.18
Himachal Pradesh,2024-01-31,2024-01,10.7,285.8,-4.27,185.8,0,0,11220.0,66.5,0.0,72.2,4177.0,301460.0,5.61,6.19,6.2,60292053.0,2024,1,1,Winter,13.56,3.35,11.8
Himachal Pradesh,2024-03-01,2024-03,15.1,65.7,0.12,-34.3,0,10,14454.0,61.9,32.3,111.3,5297.0,302928.0,6.01,6.94,7.2,60585528.0,2024,3,1,Summer,1.835,36.11,12.95
Himachal Pradesh,2024-03-31,2024-03,18.2,0.0,3.22,-100.0,0,10,14048.0,56.4,27.3,102.1,4969.0,304402.0,6.76,6.95,11.1,60880431.0,2024,3,1,Summer,8.22,31.66,13.71
Himachal Pradesh,2024-04-30,2024-04,21.5,0.0,6.5,-100.0,0,10,4246.0,46.5,24.2,98.0,4506.0,305884.0,5.67,6.92,6.8,61176769.0,2024,4,2,Summer,11.5,29.549999999999997,12.59
Himachal Pradesh,2024-05-30,2024-05,17.2,71.9,2.24,-28.1,0,10,11689.0,62.0,25.5,118.4,4215.0,307373.0,6.45,6.35,10.1,61474550.0,2024,5,2,Summer,3.6450000000000005,29.3,12.8
Himachal Pradesh,2024-06-29,2024-06,20.4,315.3,5.36,215.3,0,0,12031.0,50.1,7.8,95.5,5275.0,308869.0,5.41,5.53,10.2,61773781.0,2024,6,2,Monsoon,16.125,12.79,10.940000000000001
Himachal Pradesh,2024-07-29,2024-07,18.5,589.0,3.53,489.0,0,0,12095.0,48.3,5.3,88.0,5160.0,310372.0,5.53,5.44,6.3,62074468.0,2024,7,3,Monsoon,27.98,10.469999999999999,10.97
Himachal Pradesh,2024-08-28,2024-08,16.1,134.1,1.14,34.1,0,0,10221.0,54.9,6.3,111.0,5112.0,311883.0,6.42,4.56,10.1,62376618.0,2024,8,3,Monsoon,2.8449999999999998,10.809999999999999,10.98
Himachal Pradesh,2024-09-27,2024-09,14.4,0.0,-0.59,-100.0,0,10,19092.0,52.9,25.4,102.4,5272.0,313401.0,6.31,4.59,10.2,62680240.0,2024,9,3,Monsoon,5.59,30.11,10.899999999999999
Himachal Pradesh,2024-10-27,2024-10,10.0,0.0,-4.96,-100.0,0,10,12117.0,51.5,25.1,86.7,4299.0,314927.0,6.13,4.77,7.0,62985339.0,2024,10,4,Post-Monsoon,9.96,29.950000000000003,10.899999999999999
Himachal Pradesh,2024-11-26,2024-11,8.5,92.9,-6.55,-7.1,0,0,16199.0,51.5,1.3,85.6,5447.0,316460.0,5.02,5.4,5.9,63291923.0,2024,11,4,Post-Monsoon,6.904999999999999,6.1499999999999995,10.42
Jharkhand,2024-01-01,2024-01,21.7,256.6,-5.3,179.9,0,0,11292.0,51.6,8.7,105.6,4582.0,200000.0,8.55,6.42,14.1,40000000.0,2024,1,1,Winter,14.295000000000002,13.54,14.97
Jharkhand,2024-01-31,2024-01,29.1,110.1,2.13,20.2,0,0,17148.0,56.5,1.4,112.7,5207.0,200974.0,8.35,6.9,14.2,40194702.0,2024,1,1,Winter,3.1399999999999997,5.75,15.25
Jharkhand,2024-03-01,2024-03,28.4,47.3,1.37,-48.4,0,10,11555.0,55.2,24.6,97.1,5482.0,201952.0,8.67,7.46,13.7,40390352.0,2024,3,1,Summer,3.79,29.080000000000002,16.13
Jharkhand,2024-03-31,2024-03,28.6,0.0,1.56,-100.0,0,10,17305.0,48.2,23.3,98.2,6290.0,202935.0,7.73,7.73,14.0,40586954.0,2024,3,1,Summer,6.5600000000000005,28.48,15.46
Jharkhand,2024-04-30,2024-04,31.5,0.0,4.46,-100.0,0,10,4196.0,63.4,29.9,88.9,5284.0,203923.0,7.99,7.29,12.7,40784513.0,2024,4,2,Summer,9.46,33.56,15.280000000000001
Jharkhand,2024-05-30,2024-05,30.6,110.4,3.57,20.4,0,0,19885.0,54.0,3.9,88.4,4493.0,204915.0,8.43,7.1,15.6,40983034.0,2024,5,2,Summer,4.59,8.5,15.53
Jharkhand,2024-06-29,2024-06,29.9,266.7,2.87,190.9,0,0,13052.0,55.2,1.3,84.6,5117.0,205913.0,9.04,6.11,14.0,41182521.0,2024,6,2,Monsoon,12.415,5.779999999999999,15.149999999999999
Jharkhand,2024-07-29,2024-07,29.6,201.5,2.59,119.8,0,0,10332.0,59.2,6.0,60.1,5187.0,206915.0,9.16,6.12,14.9,41382979.0,2024,7,3,Monsoon,8.58,10.08,15.280000000000001
Jharkhand,2024-08-28,2024-08,31.3,109.1,4.29,19.0,0,0,18683.0,63.4,1.4,108.4,4647.0,207922.0,9.51,5.94,13.2,41584412.0,2024,8,3,Monsoon,5.24,5.0600000000000005,15.45
Jharkhand,2024-09-27,2024-09,20.4,0.0,-6.55,-100.0,0,10,14833.0,55.4,26.7,110.8,4540.0,208934.0,9.02,5.54,12.8,41786827.0,2024,9,3,Monsoon,11.55,31.16,14.559999999999999
Jharkhand,2024-10-27,2024-10,21.3,0.0,-5.65,-100.0,0,10,12406.0,54.4,20.8,81.9,4632.0,209951.0,8.32,6.1,11.1,41990226.0,2024,10,4,Post-Monsoon,10.65,25.36,14.42
Jharkhand,2024-11-26,2024-11,20.4,88.5,-6.59,-3.4,0,0,14967.0,58.0,8.3,78.2,4842.0,210973.0,9.27,6.15,10.0,42194616.0,2024,11,4,Post-Monsoon,6.76,12.5,15.42
Karnataka,2024-01-01,2024-01,24.7,717.0,-3.32,244.2,0,0,26841.0,56.6,5.4,107.9,9096.0,500000.0,4.68,4.57,8.0,100000000.0,2024,1,1,Winter,15.53,9.74,9.25
Karnataka,2024-01-31,2024-01,23.1,512.1,-4.9,145.8,0,0,20265.0,44.2,5.4,114.2,9478.0,502434.0,4.94,5.52,7.0,100486755.0,2024,1,1,Winter,12.190000000000001,10.98,10.46
Karnataka,2024-03-01,2024-03,27.1,167.5,-0.95,-19.6,0,0,18205.0,35.8,1.0,110.2,8448.0,504879.0,5.48,5.91,4.6,100975879.0,2024,3,1,Summer,1.9300000000000002,7.42,11.39
Karnataka,2024-03-31,2024-03,34.0,0.0,6.03,-100.0,0,10,12300.0,57.5,6.2,99.9,9419.0,507337.0,5.24,6.79,6.8,101467385.0,2024,3,1,Summer,11.030000000000001,10.45,12.030000000000001
Karnataka,2024-04-30,2024-04,29.8,0.0,1.81,-100.0,0,10,9147.0,49.6,24.7,94.2,9134.0,509806.0,5.01,6.47,5.3,101961282.0,2024,4,2,Summer,6.8100000000000005,29.74,11.48
Karnataka,2024-05-30,2024-05,37.2,272.9,9.24,31.0,0,0,28737.0,50.0,3.0,96.5,8622.0,512288.0,4.26,6.07,10.1,102457584.0,2024,5,2,Summer,10.790000000000001,8.0,10.33
Karnataka,2024-06-29,2024-06,29.3,486.5,1.29,133.5,0,0,29897.0,45.1,2.3,99.8,9543.0,514782.0,4.78,4.94,10.7,102956301.0,2024,6,2,Monsoon,7.965,7.79,9.72
Karnataka,2024-07-29,2024-07,33.0,448.3,5.03,115.2,0,0,29563.0,49.1,4.9,127.8,9279.0,517287.0,4.23,4.6,7.4,103457446.0,2024,7,3,Monsoon,10.79,9.99,8.83
Karnataka,2024-08-28,2024-08,28.9,256.7,0.89,23.2,0,0,27056.0,39.7,1.1,93.9,8695.0,519805.0,5.28,4.59,7.6,103961031.0,2024,8,3,Monsoon,2.05,7.129999999999999,9.870000000000001
Karnataka,2024-09-27,2024-09,23.6,0.0,-4.35,-100.0,0,10,25990.0,47.6,25.2,98.6,9243.0,522335.0,4.73,4.21,7.9,104467066.0,2024,9,3,Monsoon,9.35,30.439999999999998,8.940000000000001
Karnataka,2024-10-27,2024-10,17.2,0.0,-10.81,-100.0,0,10,21879.0,40.3,19.1,97.1,8395.0,524878.0,3.24,4.24,7.2,104975565.0,2024,10,4,Post-Monsoon,15.81,25.07,7.48
Karnataka,2024-11-26,2024-11,22.5,130.3,-5.51,-37.4,0,10,24192.0,51.1,29.6,95.7,9745.0,527433.0,3.92,4.82,6.3,105486539.0,2024,11,4,Post-Monsoon,7.38,34.49,8.74
Kerala,2024-01-01,2024-01,26.9,325.0,-1.07,56.0,0,0,12357.0,51.9,4.0,94.0,4806.0,300000.0,6.88,6.27,8.1,60000000.0,2024,1,1,Winter,3.87,8.81,13.149999999999999
Kerala,2024-01-31,2024-01,24.6,591.5,-3.38,183.9,0,0,12409.0,55.0,5.5,108.7,5595.0,301460.0,5.92,6.28,8.1,60292053.0,2024,1,1,Winter,12.575,10.0,12.2
Kerala,2024-03-01,2024-03,30.9,118.6,2.88,-43.1,0,10,14279.0,42.2,20.5,118.7,4317.0,302928.0,6.1,6.44,6.7,60585528.0,2024,3,1,Summer,5.035,26.28,12.54
Kerala,2024-03-31,2024-03,32.8,0.0,4.83,-100.0,0,10,11461.0,46.0,21.5,110.8,5380.0,304402.0,6.31,6.99,7.4,60880431.0,2024,3,1,Summer,9.83,26.9,13.3
Kerala,2024-04-30,2024-04,30.4,0.0,2.37,-100.0,0,10,4423.0,52.3,17.2,107.8,4261.0,305884.0,6.45,6.48,9.5,61176769.0,2024,4,2,Summer,7.37,21.97,12.93
Kerala,2024-05-30,2024-05,33.4,170.8,5.4,-18.0,0,0,15550.0,57.9,5.0,102.4,4513.0,307373.0,6.41,6.29,9.9,61474550.0,2024,5,2,Summer,6.300000000000001,9.21,12.7
Kerala,2024-06-29,2024-06,32.5,503.4,4.47,141.6,0,0,18590.0,54.9,4.5,81.3,4778.0,308869.0,5.74,5.74,8.6,61773781.0,2024,6,2,Monsoon,11.55,9.01,11.48
Kerala,2024-07-29,2024-07,30.7,682.2,2.73,227.5,0,0,12346.0,63.6,4.5,72.6,4193.0,310372.0,5.63,5.25,5.9,62074468.0,2024,7,3,Monsoon,14.105,8.14,10.879999999999999
Kerala,2024-08-28,2024-08,31.2,131.0,3.17,-37.1,0,10,19414.0,51.7,24.4,120.8,4697.0,311883.0,5.75,4.85,8.5,62376618.0,2024,8,3,Monsoon,5.025,29.229999999999997,10.6
Kerala,2024-09-27,2024-09,29.8,0.0,1.77,-100.0,0,10,20478.0,52.6,27.0,143.1,4697.0,313401.0,5.88,4.78,10.0,62680240.0,2024,9,3,Monsoon,6.77,31.740000000000002,10.66
Kerala,2024-10-27,2024-10,23.4,0.0,-4.63,-100.0,0,10,13781.0,61.5,25.9,131.2,5016.0,314927.0,6.44,4.74,6.6,62985339.0,2024,10,4,Post-Monsoon,9.629999999999999,29.75,11.18
Kerala,2024-11-26,2024-11,23.6,169.4,-4.44,-18.7,0,0,10192.0,51.6,6.4,140.3,5068.0,316460.0,5.48,5.15,8.3,63291923.0,2024,11,4,Post-Monsoon,5.375,11.24,10.63
Madhya Pradesh,2024-01-01,2024-01,22.3,213.4,-4.75,132.8,0,0,20022.0,38.3,5.6,80.6,9600.0,300000.0,5.62,5.41,8.1,60000000.0,2024,1,1,Winter,11.39,11.77,11.030000000000001
Madhya Pradesh,2024-01-31,2024-01,23.3,314.3,-3.68,242.8,0,0,18762.0,47.7,1.9,123.7,9359.0,301460.0,6.09,6.48,7.9,60292053.0,2024,1,1,Winter,15.82,7.129999999999999,12.57
Madhya Pradesh,2024-03-01,2024-03,27.7,72.6,0.71,-20.8,0,10,25903.0,37.9,22.7,130.0,8839.0,302928.0,5.79,6.39,8.9,60585528.0,2024,3,1,Summer,1.75,28.91,12.18
Madhya Pradesh,2024-03-31,2024-03,31.3,0.0,4.3,-100.0,0,10,20516.0,47.8,29.0,109.1,10083.0,304402.0,5.58,6.97,5.4,60880431.0,2024,3,1,Summer,9.3,34.22,12.55
Madhya Pradesh,2024-04-30,2024-04,33.0,0.0,5.96,-100.0,0,10,7842.0,45.3,27.8,105.4,9764.0,305884.0,5.82,6.76,9.4,61176769.0,2024,4,2,Summer,10.96,33.27,12.58
Madhya Pradesh,2024-05-30,2024-05,30.3,76.3,3.34,-16.8,0,0,29742.0,50.4,6.6,92.7,8580.0,307373.0,7.35,6.4,7.0,61474550.0,2024,5,2,Summer,4.18,11.559999999999999,13.75
Madhya Pradesh,2024-06-29,2024-06,32.8,296.3,5.82,223.2,0,0,21358.0,55.3,0.0,77.9,8889.0,308869.0,5.95,5.27,8.8,61773781.0,2024,6,2,Monsoon,16.98,4.470000000000001,11.219999999999999
Madhya Pradesh,2024-07-29,2024-07,29.5,259.3,2.46,182.8,0,0,25505.0,49.1,5.9,117.2,8708.0,310372.0,5.58,5.57,7.9,62074468.0,2024,7,3,Monsoon,11.600000000000001,10.99,11.15
Madhya Pradesh,2024-08-28,2024-08,29.6,75.4,2.56,-17.7,0,0,26098.0,43.8,5.8,132.1,9245.0,311883.0,5.94,4.74,12.5,62376618.0,2024,8,3,Monsoon,3.4450000000000003,11.42,10.68
Madhya Pradesh,2024-09-27,2024-09,25.6,0.0,-1.41,-100.0,0,10,30968.0,50.9,27.0,103.6,8352.0,313401.0,5.84,5.35,10.6,62680240.0,2024,9,3,Monsoon,6.41,31.91,11.19
Madhya Pradesh,2024-10-27,2024-10,22.2,0.0,-4.77,-100.0,0,10,23327.0,42.4,23.0,111.7,9619.0,314927.0,6.24,5.04,9.8,62985339.0,2024,10,4,Post-Monsoon,9.77,28.759999999999998,11.280000000000001
Madhya Pradesh,2024-11-26,2024-11,23.7,114.0,-3.35,24.4,0,0,21692.0,53.5,5.9,104.8,10301.0,316460.0,5.04,5.22,10.7,63291923.0,2024,11,4,Post-Monsoon,4.57,10.55,10.26
Maharashtra,2024-01-01,2024-01,25.3,252.0,-1.72,174.9,0,0,24043.0,48.8,0.0,107.6,9645.0,500000.0,4.48,4.78,6.6,100000000.0,2024,1,1,Winter,10.465000000000002,5.12,9.260000000000002
Maharashtra,2024-01-31,2024-01,25.9,227.1,-1.14,147.8,0,0,24508.0,38.9,4.6,95.8,8575.0,502434.0,5.35,6.07,6.6,100486755.0,2024,1,1,Winter,8.530000000000001,10.71,11.42
Maharashtra,2024-03-01,2024-03,27.6,88.1,0.65,-3.9,0,0,19092.0,53.3,6.8,107.9,8402.0,504879.0,4.98,5.96,3.3,100975879.0,2024,3,1,Summer,0.845,11.469999999999999,10.940000000000001
Maharashtra,2024-03-31,2024-03,29.7,0.0,2.69,-100.0,0,10,23521.0,42.0,8.6,97.3,9007.0,507337.0,4.04,6.67,6.2,101467385.0,2024,3,1,Summer,7.6899999999999995,14.399999999999999,10.71
Maharashtra,2024-04-30,2024-04,29.7,0.0,2.69,-100.0,0,10,7587.0,44.4,26.9,108.4,8556.0,509806.0,4.38,5.98,10.6,101961282.0,2024,4,2,Summer,7.6899999999999995,32.46,10.36
Maharashtra,2024-05-30,2024-05,30.0,58.3,2.99,-36.4,0,10,24638.0,43.1,27.2,134.5,8800.0,512288.0,5.31,6.37,6.4,102457584.0,2024,5,2,Summer,4.8100000000000005,32.89,11.68
Maharashtra,2024-06-29,2024-06,33.6,309.9,6.65,238.1,0,0,28213.0,37.9,7.8,64.8,8237.0,514782.0,4.65,4.75,9.7,102956301.0,2024,6,2,Monsoon,18.555,14.01,9.4
Maharashtra,2024-07-29,2024-07,30.7,297.6,3.75,224.7,0,0,33818.0,57.8,3.3,88.7,9092.0,517287.0,3.92,4.77,4.6,103457446.0,2024,7,3,Monsoon,14.985,7.5200000000000005,8.69
Maharashtra,2024-08-28,2024-08,27.0,67.0,-0.02,-26.9,0,10,35327.0,55.3,31.0,124.2,9512.0,519805.0,4.21,4.08,5.5,103961031.0,2024,8,3,Monsoon,1.365,35.47,8.29
Maharashtra,2024-09-27,2024-09,24.7,0.0,-2.35,-100.0,0,10,30200.0,42.2,27.3,83.6,8998.0,522335.0,4.23,4.04,8.4,104467066.0,2024,9,3,Monsoon,7.35,33.08,8.27
Maharashtra,2024-10-27,2024-10,24.6,0.0,-2.38,-100.0,0,10,20865.0,48.5,23.6,119.1,9044.0,524878.0,3.95,4.4,9.2,104975565.0,2024,10,4,Post-Monsoon,7.38,28.75,8.350000000000001
Maharashtra,2024-11-26,2024-11,20.3,82.8,-6.65,-9.6,0,0,27983.0,44.0,1.6,85.7,8067.0,527433.0,4.24,4.48,6.3,105486539.0,2024,11,4,Post-Monsoon,7.130000000000001,7.199999999999999,8.72
Manipur,2024-01-01,2024-01,23.5,208.1,-3.5,127.0,0,0,11802.0,62.6,4.6,112.6,4488.0,300000.0,6.59,5.86,7.9,60000000.0,2024,1,1,Winter,9.85,8.34,12.45
Manipur,2024-01-31,2024-01,22.9,268.7,-4.14,193.2,0,0,16450.0,57.9,8.7,95.5,4520.0,301460.0,6.24,5.97,10.4,60292053.0,2024,1,1,Winter,13.8,12.91,12.21
Manipur,2024-03-01,2024-03,27.5,77.7,0.49,-15.2,0,0,11107.0,64.4,8.3,130.9,4756.0,302928.0,6.2,6.57,7.3,60585528.0,2024,3,1,Summer,1.25,11.86,12.77
Manipur,2024-03-31,2024-03,28.6,0.0,1.56,-100.0,0,10,9313.0,46.2,5.4,106.5,4926.0,304402.0,5.56,6.96,11.5,60880431.0,2024,3,1,Summer,6.5600000000000005,10.780000000000001,12.52
Manipur,2024-04-30,2024-04,28.4,0.0,1.43,-100.0,0,10,4534.0,57.6,20.2,89.3,4415.0,305884.0,5.68,6.8,4.8,61176769.0,2024,4,2,Summer,6.43,24.439999999999998,12.48
Manipur,2024-05-30,2024-05,30.6,85.8,3.56,-6.4,0,0,6383.0,63.9,4.9,133.2,4771.0,307373.0,5.71,6.29,7.2,61474550.0,2024,5,2,Summer,3.88,8.510000000000002,12.0
Manipur,2024-06-29,2024-06,32.0,361.3,4.95,294.1,0,0,13193.0,50.0,6.4,106.0,5383.0,308869.0,5.53,5.6,9.6,61773781.0,2024,6,2,Monsoon,19.655,11.4,11.129999999999999
Manipur,2024-07-29,2024-07,31.2,238.4,4.22,160.1,0,0,18681.0,54.0,4.7,82.4,4587.0,310372.0,5.91,4.63,4.8,62074468.0,2024,7,3,Monsoon,12.224999999999998,9.3,10.54
Manipur,2024-08-28,2024-08,27.0,64.1,-0.04,-30.1,0,10,14321.0,59.6,26.1,83.9,5746.0,311883.0,5.7,5.07,3.5,62376618.0,2024,8,3,Monsoon,1.5450000000000002,30.14,10.77
Manipur,2024-09-27,2024-09,24.5,0.0,-2.54,-100.0,0,10,14187.0,51.3,24.9,51.5,5442.0,313401.0,5.75,4.64,11.8,62680240.0,2024,9,3,Monsoon,7.54,29.77,10.39
Manipur,2024-10-27,2024-10,23.3,0.0,-3.68,-100.0,0,10,13768.0,55.3,24.2,110.3,4219.0,314927.0,5.81,5.05,9.3,62985339.0,2024,10,4,Post-Monsoon,8.68,28.67,10.86
Manipur,2024-11-26,2024-11,23.0,133.8,-3.96,46.0,0,0,10730.0,48.7,7.4,105.9,4322.0,316460.0,4.93,5.53,9.4,63291923.0,2024,11,4,Post-Monsoon,6.26,12.530000000000001,10.46
Meghalaya,2024-01-01,2024-01,19.5,714.3,-4.55,206.1,0,0,13119.0,46.9,4.9,123.3,4633.0,300000.0,6.25,6.98,4.8,60000000.0,2024,1,1,Winter,14.855,10.21,13.23
Meghalaya,2024-01-31,2024-01,22.9,560.7,-1.12,140.3,0,0,10055.0,60.7,5.6,79.7,5031.0,301460.0,6.86,6.21,9.6,60292053.0,2024,1,1,Winter,8.135000000000002,9.53,13.07
Meghalaya,2024-03-01,2024-03,24.4,234.2,0.45,0.4,0,0,13029.0,55.9,7.1,92.7,4586.0,302928.0,5.98,6.54,7.9,60585528.0,2024,3,1,Summer,0.47000000000000003,11.51,12.52
Meghalaya,2024-03-31,2024-03,26.7,0.0,2.7,-100.0,0,10,12207.0,40.4,1.8,108.7,5452.0,304402.0,6.16,6.34,10.5,60880431.0,2024,3,1,Summer,7.7,7.76,12.5
Meghalaya,2024-04-30,2024-04,28.4,0.0,4.38,-100.0,0,10,2637.0,58.1,22.0,141.1,5010.0,305884.0,5.79,6.33,8.1,61176769.0,2024,4,2,Summer,9.379999999999999,26.189999999999998,12.120000000000001
Meghalaya,2024-05-30,2024-05,31.9,300.5,7.9,28.8,0,0,12816.0,61.9,4.5,87.1,4600.0,307373.0,6.63,6.14,9.7,61474550.0,2024,5,2,Summer,9.34,8.31,12.77
Meghalaya,2024-06-29,2024-06,32.6,490.7,8.64,110.3,0,0,13552.0,55.6,2.1,132.5,5162.0,308869.0,5.63,6.03,10.4,61773781.0,2024,6,2,Monsoon,14.155000000000001,6.539999999999999,11.66
Meghalaya,2024-07-29,2024-07,28.2,672.5,4.24,188.2,0,0,14243.0,47.2,4.1,117.7,4961.0,310372.0,6.92,5.25,10.3,62074468.0,2024,7,3,Monsoon,13.65,9.379999999999999,12.17
Meghalaya,2024-08-28,2024-08,28.4,176.8,4.38,-24.2,0,10,14459.0,56.5,34.6,85.0,4787.0,311883.0,6.05,5.32,7.6,62376618.0,2024,8,3,Monsoon,5.59,38.95,11.370000000000001
Meghalaya,2024-09-27,2024-09,19.8,0.0,-4.18,-100.0,0,10,18445.0,47.8,25.3,118.4,4666.0,313401.0,6.37,4.74,8.9,62680240.0,2024,9,3,Monsoon,9.18,30.520000000000003,11.11
Meghalaya,2024-10-27,2024-10,15.4,0.0,-8.58,-100.0,0,10,16496.0,52.8,28.2,125.6,5034.0,314927.0,6.05,5.01,8.8,62985339.0,2024,10,4,Post-Monsoon,13.58,32.92,11.059999999999999
Meghalaya,2024-11-26,2024-11,17.5,243.9,-6.52,4.5,0,0,14047.0,50.8,6.5,87.1,5515.0,316460.0,6.11,5.77,11.0,63291923.0,2024,11,4,Post-Monsoon,6.744999999999999,11.42,11.879999999999999
Mizoram,2024-01-01,2024-01,20.4,996.3,-3.65,327.0,0,0,11197.0,50.2,3.8,108.5,6031.0,300000.0,6.43,5.66,7.2,60000000.0,2024,1,1,Winter,20.0,8.78,12.09
Mizoram,2024-01-31,2024-01,23.4,527.1,-0.6,125.9,0,0,9438.0,62.1,5.1,98.4,5226.0,301460.0,6.48,6.56,11.9,60292053.0,2024,1,1,Winter,6.895,8.89,13.04
Mizoram,2024-03-01,2024-03,22.2,267.8,-1.8,14.8,0,0,9450.0,54.1,6.3,119.7,5594.0,302928.0,5.7,6.6,5.7,60585528.0,2024,3,1,Summer,2.54,10.89,12.3
Mizoram,2024-03-31,2024-03,23.9,0.0,-0.14,-100.0,0,10,18215.0,56.6,6.7,103.9,4823.0,304402.0,5.8,7.1,8.1,60880431.0,2024,3,1,Summer,5.14,11.04,12.899999999999999
Mizoram,2024-04-30,2024-04,30.7,0.0,6.69,-100.0,0,10,5338.0,55.8,24.1,126.4,4497.0,305884.0,6.32,6.61,9.6,61176769.0,2024,4,2,Summer,11.690000000000001,28.520000000000003,12.93
Mizoram,2024-05-30,2024-05,25.6,328.1,1.57,40.6,0,0,18420.0,54.4,9.0,57.6,4696.0,307373.0,5.43,6.33,3.0,61474550.0,2024,5,2,Summer,3.6000000000000005,13.56,11.76
Mizoram,2024-06-29,2024-06,28.1,874.2,4.1,274.7,0,0,18891.0,50.0,4.9,89.9,5420.0,308869.0,5.91,5.31,11.4,61773781.0,2024,6,2,Monsoon,17.835,9.9,11.219999999999999
Mizoram,2024-07-29,2024-07,23.3,522.9,-0.69,124.1,0,0,16640.0,53.2,4.3,92.2,4539.0,310372.0,6.39,5.44,12.0,62074468.0,2024,7,3,Monsoon,6.895,8.98,11.83
Mizoram,2024-08-28,2024-08,24.0,236.6,0.01,1.4,0,0,19846.0,61.1,4.0,130.4,5499.0,311883.0,5.53,5.46,10.9,62376618.0,2024,8,3,Monsoon,0.07999999999999999,7.89,10.99
Mizoram,2024-09-27,2024-09,20.6,0.0,-3.4,-100.0,0,10,13705.0,54.9,26.2,81.9,5162.0,313401.0,5.88,5.14,6.8,62680240.0,2024,9,3,Monsoon,8.4,30.71,11.02
Mizoram,2024-10-27,2024-10,17.5,0.0,-6.47,-100.0,0,10,9170.0,52.7,28.6,104.0,5142.0,314927.0,5.59,4.75,7.9,62985339.0,2024,10,4,Post-Monsoon,11.469999999999999,33.33,10.34
Mizoram,2024-11-26,2024-11,19.2,269.3,-4.76,15.4,0,0,11379.0,52.6,6.8,117.4,4327.0,316460.0,5.47,5.67,8.5,63291923.0,2024,11,4,Post-Monsoon,5.529999999999999,11.54,11.14
Nagaland,2024-01-01,2024-01,24.1,165.9,-2.91,81.0,0,0,12303.0,50.0,10.8,86.4,5257.0,300000.0,6.18,5.63,5.4,60000000.0,2024,1,1,Winter,6.96,15.8,11.809999999999999
Nagaland,2024-01-31,2024-01,21.4,346.4,-5.57,277.9,0,0,12431.0,57.4,6.1,112.7,5555.0,301460.0,6.14,5.73,8.9,60292053.0,2024,1,1,Winter,19.465,10.36,11.870000000000001
Nagaland,2024-03-01,2024-03,27.7,71.1,0.66,-22.5,0,10,12984.0,58.4,24.3,138.0,4934.0,302928.0,5.32,7.26,10.8,60585528.0,2024,3,1,Summer,1.7850000000000001,28.46,12.58
Nagaland,2024-03-31,2024-03,32.6,0.0,5.6,-100.0,0,10,9661.0,54.4,28.3,56.5,5424.0,304402.0,6.05,7.18,7.3,60880431.0,2024,3,1,Summer,10.6,32.86,13.23
Nagaland,2024-04-30,2024-04,33.7,0.0,6.69,-100.0,0,10,4465.0,56.7,24.7,103.8,5355.0,305884.0,6.27,6.73,9.5,61176769.0,2024,4,2,Summer,11.690000000000001,29.03,13.0
Nagaland,2024-05-30,2024-05,36.1,139.9,9.12,52.7,0,0,13694.0,53.7,6.5,114.8,5308.0,307373.0,6.64,6.52,9.6,61474550.0,2024,5,2,Summer,11.754999999999999,11.129999999999999,13.16
Nagaland,2024-06-29,2024-06,30.8,323.4,3.83,252.8,0,0,12194.0,52.3,8.3,116.2,5184.0,308869.0,5.17,5.51,8.8,61773781.0,2024,6,2,Monsoon,16.47,13.07,10.68
Nagaland,2024-07-29,2024-07,30.8,353.3,3.79,285.4,0,0,20515.0,53.3,4.3,99.6,4848.0,310372.0,6.05,4.96,13.8,62074468.0,2024,7,3,Monsoon,18.06,8.969999999999999,11.01
Nagaland,2024-08-28,2024-08,25.1,110.5,-1.93,20.6,0,0,17400.0,49.7,0.2,78.6,5475.0,311883.0,6.76,5.11,9.1,62376618.0,2024,8,3,Monsoon,2.96,5.2299999999999995,11.870000000000001
Nagaland,2024-09-27,2024-09,26.6,0.0,-0.38,-100.0,0,10,20132.0,54.2,24.7,101.4,5581.0,313401.0,5.89,4.51,9.2,62680240.0,2024,9,3,Monsoon,5.38,29.28,10.399999999999999
Nagaland,2024-10-27,2024-10,20.3,0.0,-6.7,-100.0,0,10,9774.0,59.9,25.7,110.0,5095.0,314927.0,6.13,4.56,9.7,62985339.0,2024,10,4,Post-Monsoon,11.7,29.71,10.69
Nagaland,2024-11-26,2024-11,21.5,111.4,-5.54,21.5,0,0,14403.0,58.4,0.0,86.9,4085.0,316460.0,5.92,4.73,7.3,63291923.0,2024,11,4,Post-Monsoon,6.615,4.16,10.65
Odisha,2024-01-01,2024-01,25.7,256.0,-1.33,179.3,0,0,13227.0,54.3,9.1,119.1,5806.0,200000.0,8.29,7.07,13.9,40000000.0,2024,1,1,Winter,10.295,13.67,15.36
Odisha,2024-01-31,2024-01,27.8,146.7,0.76,60.1,0,0,15156.0,58.7,9.9,101.5,4199.0,200974.0,7.83,7.15,9.7,40194702.0,2024,1,1,Winter,3.7649999999999997,14.030000000000001,14.98
Odisha,2024-03-01,2024-03,23.6,90.1,-3.41,-1.7,0,0,11409.0,65.9,2.5,96.5,5062.0,201952.0,9.04,7.22,12.6,40390352.0,2024,3,1,Summer,3.495,5.909999999999999,16.259999999999998
Odisha,2024-03-31,2024-03,30.3,0.0,3.27,-100.0,0,10,13324.0,63.5,5.1,87.5,5097.0,202935.0,9.16,7.11,10.0,40586954.0,2024,3,1,Summer,8.27,8.75,16.27
Odisha,2024-04-30,2024-04,27.2,0.0,0.2,-100.0,0,10,4258.0,51.9,21.0,99.3,4785.0,203923.0,8.21,7.68,9.7,40784513.0,2024,4,2,Summer,5.2,25.810000000000002,15.89
Odisha,2024-05-30,2024-05,29.4,110.1,2.39,20.1,0,0,12923.0,54.6,0.8,69.9,5380.0,204915.0,7.08,6.86,13.9,40983034.0,2024,5,2,Summer,3.3950000000000005,5.34,13.940000000000001
Odisha,2024-06-29,2024-06,32.1,179.8,5.06,96.2,0,0,15247.0,53.5,0.6,85.0,5160.0,205913.0,9.1,6.36,11.9,41182521.0,2024,6,2,Monsoon,9.870000000000001,5.25,15.46
Odisha,2024-07-29,2024-07,28.5,170.9,1.47,86.4,0,0,19021.0,55.6,0.0,96.8,5336.0,206915.0,9.08,5.44,12.0,41382979.0,2024,7,3,Monsoon,5.79,4.4399999999999995,14.52
Odisha,2024-08-28,2024-08,26.9,117.9,-0.13,28.7,0,0,15640.0,53.4,2.7,84.1,5538.0,207922.0,8.6,5.77,11.7,41584412.0,2024,8,3,Monsoon,1.565,7.36,14.37
Odisha,2024-09-27,2024-09,22.5,0.0,-4.47,-100.0,0,10,15064.0,54.7,30.7,85.8,4243.0,208934.0,8.52,4.75,11.4,41786827.0,2024,9,3,Monsoon,9.469999999999999,35.23,13.27
Odisha,2024-10-27,2024-10,21.6,0.0,-5.39,-100.0,0,10,7672.0,56.3,20.2,110.2,4209.0,209951.0,8.73,5.34,12.9,41990226.0,2024,10,4,Post-Monsoon,10.39,24.57,14.07
Odisha,2024-11-26,2024-11,21.8,63.2,-5.21,-31.1,0,10,14148.0,55.7,23.6,132.2,5448.0,210973.0,8.72,5.9,13.1,42194616.0,2024,11,4,Post-Monsoon,6.765000000000001,28.03,14.620000000000001
Punjab,2024-01-01,2024-01,26.6,58.3,-5.44,75.0,0,0,28389.0,74.2,2.3,85.6,12394.0,300000.0,5.52,5.74,10.2,60000000.0,2024,1,1,Winter,9.190000000000001,4.879999999999999,11.26
Punjab,2024-01-31,2024-01,33.4,92.0,1.43,176.1,0,0,24077.0,85.4,4.6,95.5,12175.0,301460.0,6.08,6.12,9.4,60292053.0,2024,1,1,Winter,10.235,6.059999999999999,12.2
Punjab,2024-03-01,2024-03,30.6,35.5,-1.4,6.4,0,0,31012.0,79.5,6.3,128.2,12451.0,302928.0,6.36,6.05,11.3,60585528.0,2024,3,1,Summer,1.72,8.35,12.41
Punjab,2024-03-31,2024-03,34.3,0.0,2.28,-100.0,0,10,30113.0,86.2,7.1,119.1,12644.0,304402.0,5.83,6.93,11.4,60880431.0,2024,3,1,Summer,7.279999999999999,8.479999999999999,12.76
Punjab,2024-04-30,2024-04,37.6,0.0,5.56,-100.0,0,10,10969.0,79.3,26.1,102.2,12483.0,305884.0,5.31,6.45,8.4,61176769.0,2024,4,2,Summer,10.559999999999999,28.17,11.76
Punjab,2024-05-30,2024-05,35.9,27.6,3.94,-17.3,0,0,35939.0,75.6,4.6,89.0,12546.0,307373.0,5.61,6.82,7.3,61474550.0,2024,5,2,Summer,4.805,7.04,12.43
Punjab,2024-06-29,2024-06,35.8,28.2,3.78,-15.5,0,0,38699.0,91.3,1.9,82.7,12985.0,308869.0,5.72,5.86,6.6,61773781.0,2024,6,2,Monsoon,4.555,2.7700000000000005,11.58
Punjab,2024-07-29,2024-07,31.5,128.4,-0.53,285.2,0,0,40704.0,93.9,3.1,76.1,12960.0,310372.0,5.8,5.4,8.3,62074468.0,2024,7,3,Monsoon,14.79,3.7099999999999995,11.2
Punjab,2024-08-28,2024-08,35.3,30.8,3.29,-7.5,0,0,45004.0,92.0,3.0,95.0,12644.0,311883.0,5.95,4.78,6.0,62376618.0,2024,8,3,Monsoon,3.665,3.8,10.73
Punjab,2024-09-27,2024-09,30.7,0.0,-1.35,-100.0,0,10,39452.0,89.1,24.6,115.9,11626.0,313401.0,6.16,5.33,9.0,62680240.0,2024,9,3,Monsoon,6.35,25.69,11.49
Punjab,2024-10-27,2024-10,33.8,0.0,1.83,-100.0,0,10,37826.0,90.2,20.0,122.5,11955.0,314927.0,6.11,5.14,6.5,62985339.0,2024,10,4,Post-Monsoon,6.83,20.98,11.25
Punjab,2024-11-26,2024-11,26.7,23.8,-5.26,-28.7,0,10,27535.0,83.9,21.7,93.8,12890.0,316460.0,6.85,5.36,12.3,63291923.0,2024,11,4,Post-Monsoon,6.695,23.31,12.21
Rajasthan,2024-01-01,2024-01,24.5,96.6,-7.54,189.9,0,0,18174.0,32.2,9.2,95.8,5158.0,300000.0,5.63,6.35,10.6,60000000.0,2024,1,1,Winter,17.035,15.979999999999999,11.98
Rajasthan,2024-01-31,2024-01,28.0,52.2,-4.01,56.6,0,0,12079.0,43.1,7.9,75.3,5704.0,301460.0,6.28,6.37,8.5,60292053.0,2024,1,1,Winter,6.84,13.59,12.65
Rajasthan,2024-03-01,2024-03,30.7,22.5,-1.29,-32.4,0,10,14324.0,31.0,25.8,108.5,5763.0,302928.0,6.6,6.71,5.1,60585528.0,2024,3,1,Summer,2.91,32.7,13.309999999999999
Rajasthan,2024-03-31,2024-03,37.9,0.0,5.87,-100.0,0,10,14358.0,35.0,26.6,91.3,5945.0,304402.0,5.44,6.74,9.6,60880431.0,2024,3,1,Summer,10.870000000000001,33.1,12.18
Rajasthan,2024-04-30,2024-04,36.3,0.0,4.31,-100.0,0,10,5894.0,33.7,23.9,132.0,6280.0,305884.0,5.97,7.03,5.1,61176769.0,2024,4,2,Summer,9.309999999999999,30.529999999999998,13.0
Rajasthan,2024-05-30,2024-05,37.2,24.7,5.15,-25.8,0,10,16936.0,33.3,27.1,123.5,6185.0,307373.0,6.07,5.75,10.5,61474550.0,2024,5,2,Summer,6.44,33.77,11.82
Rajasthan,2024-06-29,2024-06,39.4,105.8,7.38,217.4,0,0,17614.0,27.1,6.3,77.5,5403.0,308869.0,5.95,5.93,7.3,61773781.0,2024,6,2,Monsoon,18.25,13.59,11.879999999999999
Rajasthan,2024-07-29,2024-07,32.4,85.9,0.43,157.6,0,0,18515.0,46.2,10.2,112.8,6250.0,310372.0,6.64,5.61,10.2,62074468.0,2024,7,3,Monsoon,8.31,15.579999999999998,12.25
Rajasthan,2024-08-28,2024-08,30.2,19.5,-1.75,-41.5,0,10,11516.0,31.1,23.4,87.6,5916.0,311883.0,5.94,5.11,7.6,62376618.0,2024,8,3,Monsoon,3.825,30.29,11.05
Rajasthan,2024-09-27,2024-09,31.4,0.0,-0.65,-100.0,0,10,16300.0,38.7,19.1,78.5,6120.0,313401.0,6.43,5.29,11.1,62680240.0,2024,9,3,Monsoon,5.65,25.23,11.719999999999999
Rajasthan,2024-10-27,2024-10,24.9,0.0,-7.13,-100.0,0,10,20373.0,22.3,22.2,94.3,6550.0,314927.0,5.64,5.04,6.4,62985339.0,2024,10,4,Post-Monsoon,12.129999999999999,29.97,10.68
Rajasthan,2024-11-26,2024-11,25.7,28.5,-6.3,-14.6,0,0,20040.0,37.5,1.3,90.7,5947.0,316460.0,6.29,5.44,5.3,63291923.0,2024,11,4,Post-Monsoon,7.029999999999999,7.55,11.73
Sikkim,2024-01-01,2024-01,9.5,202.4,-5.51,102.4,0,0,18346.0,56.3,0.5,109.4,5543.0,300000.0,5.42,5.72,8.4,60000000.0,2024,1,1,Winter,10.629999999999999,4.87,11.14
Sikkim,2024-01-31,2024-01,12.6,205.1,-2.4,105.1,0,0,12235.0,53.0,5.9,105.4,4828.0,301460.0,5.4,6.42,9.5,60292053.0,2024,1,1,Winter,7.654999999999999,10.600000000000001,11.82
Sikkim,2024-03-01,2024-03,15.5,98.5,0.54,-1.5,0,0,13492.0,56.9,3.9,99.4,5563.0,302928.0,5.9,6.44,11.1,60585528.0,2024,3,1,Summer,0.615,8.21,12.34
Sikkim,2024-03-31,2024-03,17.0,0.0,2.02,-100.0,0,10,11877.0,61.3,0.0,81.9,4673.0,304402.0,6.83,6.65,7.8,60880431.0,2024,3,1,Summer,7.02,3.87,13.48
Sikkim,2024-04-30,2024-04,18.2,0.0,3.18,-100.0,0,10,4404.0,44.3,29.1,162.8,5528.0,305884.0,6.25,6.56,8.7,61176769.0,2024,4,2,Summer,8.18,34.67,12.809999999999999
Sikkim,2024-05-30,2024-05,21.0,70.7,6.0,-29.3,0,10,15670.0,56.4,24.8,110.4,5323.0,307373.0,6.37,5.73,11.6,61474550.0,2024,5,2,Summer,7.465,29.16,12.100000000000001
Sikkim,2024-06-29,2024-06,19.5,334.8,4.53,234.8,0,0,16667.0,54.0,5.3,97.0,4903.0,308869.0,6.04,5.68,8.8,61773781.0,2024,6,2,Monsoon,16.27,9.899999999999999,11.719999999999999
Sikkim,2024-07-29,2024-07,14.2,317.7,-0.84,217.7,0,0,18401.0,40.3,6.8,113.1,5097.0,310372.0,5.98,4.78,12.0,62074468.0,2024,7,3,Monsoon,11.725,12.77,10.760000000000002
Sikkim,2024-08-28,2024-08,13.7,117.1,-1.33,17.1,0,0,14944.0,60.6,3.8,119.0,4614.0,311883.0,6.02,5.07,10.9,62376618.0,2024,8,3,Monsoon,2.185,7.74,11.09
Sikkim,2024-09-27,2024-09,11.0,0.0,-4.03,-100.0,0,10,16221.0,48.1,22.1,87.5,5431.0,313401.0,5.49,4.94,8.5,62680240.0,2024,9,3,Monsoon,9.030000000000001,27.29,10.43
Sikkim,2024-10-27,2024-10,7.4,0.0,-7.59,-100.0,0,10,14288.0,58.6,26.5,110.3,4679.0,314927.0,6.42,4.3,8.8,62985339.0,2024,10,4,Post-Monsoon,12.59,30.64,10.719999999999999
Sikkim,2024-11-26,2024-11,10.5,72.9,-4.48,-27.1,0,10,13037.0,58.8,27.4,123.8,5354.0,316460.0,5.7,5.43,9.9,63291923.0,2024,11,4,Post-Monsoon,5.835000000000001,31.52,11.129999999999999
Tamil Nadu,2024-01-01,2024-01,24.9,285.5,-3.05,37.0,0,0,12843.0,54.9,8.2,82.4,4918.0,500000.0,4.15,4.99,6.5,100000000.0,2024,1,1,Winter,4.9,12.709999999999999,9.14
Tamil Nadu,2024-01-31,2024-01,25.4,362.4,-2.63,73.9,0,0,10212.0,54.3,3.0,84.2,4846.0,502434.0,4.05,5.95,6.0,100486755.0,2024,1,1,Winter,6.325,7.57,10.0
Tamil Nadu,2024-03-01,2024-03,26.7,211.3,-1.3,1.4,0,0,7455.0,55.0,5.6,83.7,5330.0,504879.0,3.05,5.95,4.7,100975879.0,2024,3,1,Summer,1.37,10.1,9.0
Tamil Nadu,2024-03-31,2024-03,28.8,0.0,0.78,-100.0,0,10,14250.0,51.2,0.2,84.6,4530.0,507337.0,3.68,5.83,7.0,101467385.0,2024,3,1,Summer,5.78,5.08,9.51
Tamil Nadu,2024-04-30,2024-04,34.3,0.0,6.34,-100.0,0,10,5829.0,53.7,24.4,59.9,5318.0,509806.0,5.16,6.16,5.5,101961282.0,2024,4,2,Summer,11.34,29.029999999999998,11.32
Tamil Nadu,2024-05-30,2024-05,34.7,137.7,6.67,-33.9,0,10,11282.0,56.4,25.2,127.2,4346.0,512288.0,4.73,5.56,5.4,102457584.0,2024,5,2,Summer,8.365,29.56,10.29
Tamil Nadu,2024-06-29,2024-06,33.4,815.3,5.39,291.4,0,0,5941.0,64.0,5.6,124.8,5105.0,514782.0,3.92,4.67,6.0,102956301.0,2024,6,2,Monsoon,19.959999999999997,9.2,8.59
Tamil Nadu,2024-07-29,2024-07,25.6,433.1,-2.44,107.9,0,0,13525.0,50.1,7.4,109.5,5253.0,517287.0,4.58,4.67,5.9,103457446.0,2024,7,3,Monsoon,7.835000000000001,12.39,9.25
Tamil Nadu,2024-08-28,2024-08,29.2,195.6,1.15,-6.1,0,0,18181.0,57.0,13.3,89.8,4987.0,519805.0,4.03,4.52,4.1,103961031.0,2024,8,3,Monsoon,1.4549999999999998,17.6,8.55
Tamil Nadu,2024-09-27,2024-09,26.2,0.0,-1.76,-100.0,0,10,9693.0,53.0,22.9,89.5,5076.0,522335.0,4.89,3.9,5.2,104467066.0,2024,9,3,Monsoon,6.76,27.599999999999998,8.79
Tamil Nadu,2024-10-27,2024-10,23.8,0.0,-4.16,-100.0,0,10,10026.0,55.0,28.4,99.8,4836.0,524878.0,3.77,4.18,8.7,104975565.0,2024,10,4,Post-Monsoon,9.16,32.9,7.949999999999999
Tamil Nadu,2024-11-26,2024-11,25.3,224.2,-2.66,7.6,0,0,12372.0,50.7,7.5,86.8,4848.0,527433.0,4.76,4.99,7.8,105486539.0,2024,11,4,Post-Monsoon,3.04,12.43,9.75
Telangana,2024-01-01,2024-01,23.3,219.5,-3.65,139.4,0,0,8770.0,52.6,2.5,117.5,5131.0,300000.0,5.45,5.7,7.4,60000000.0,2024,1,1,Winter,10.620000000000001,7.24,11.15
Telangana,2024-01-31,2024-01,23.5,217.9,-3.48,137.8,0,0,12465.0,54.3,7.6,107.8,4948.0,301460.0,6.67,5.94,10.8,60292053.0,2024,1,1,Winter,10.370000000000001,12.17,12.61
Telangana,2024-03-01,2024-03,27.8,80.1,0.79,-12.6,0,0,12637.0,42.8,3.3,97.3,5711.0,302928.0,6.45,7.21,8.2,60585528.0,2024,3,1,Summer,1.42,9.02,13.66
Telangana,2024-03-31,2024-03,30.1,0.0,3.08,-100.0,0,10,14223.0,61.2,7.9,101.8,5099.0,304402.0,6.36,7.48,7.8,60880431.0,2024,3,1,Summer,8.08,11.780000000000001,13.84
Telangana,2024-04-30,2024-04,33.1,0.0,6.07,-100.0,0,10,4382.0,58.1,24.1,124.1,4930.0,305884.0,5.23,6.1,10.4,61176769.0,2024,4,2,Summer,11.07,28.29,11.33
Telangana,2024-05-30,2024-05,34.4,80.4,7.4,-12.2,0,0,13649.0,58.0,5.0,71.1,3852.0,307373.0,5.06,6.19,9.9,61474550.0,2024,5,2,Summer,8.01,9.2,11.25
Telangana,2024-06-29,2024-06,27.3,174.7,0.25,90.6,0,0,13348.0,52.5,1.3,97.0,4773.0,308869.0,6.09,5.93,9.4,61773781.0,2024,6,2,Monsoon,4.779999999999999,6.05,12.02
Telangana,2024-07-29,2024-07,25.8,224.0,-1.24,144.4,0,0,19357.0,56.5,6.0,112.4,4431.0,310372.0,6.64,5.01,7.6,62074468.0,2024,7,3,Monsoon,8.46,10.35,11.649999999999999
Telangana,2024-08-28,2024-08,27.0,137.8,0.04,50.3,0,0,18117.0,58.4,4.8,78.6,4223.0,311883.0,5.61,5.18,10.8,62376618.0,2024,8,3,Monsoon,2.5549999999999997,8.96,10.79
Telangana,2024-09-27,2024-09,25.2,0.0,-1.85,-100.0,0,10,17454.0,50.5,26.1,82.6,5563.0,313401.0,6.23,5.16,6.6,62680240.0,2024,9,3,Monsoon,6.85,31.05,11.39
Telangana,2024-10-27,2024-10,24.3,0.0,-2.67,-100.0,0,10,9145.0,50.5,29.9,112.8,4836.0,314927.0,6.83,5.39,10.5,62985339.0,2024,10,4,Post-Monsoon,7.67,34.85,12.219999999999999
Telangana,2024-11-26,2024-11,22.5,112.9,-4.53,23.1,0,0,13448.0,54.2,3.4,100.8,4499.0,316460.0,6.89,4.8,8.0,63291923.0,2024,11,4,Post-Monsoon,5.6850000000000005,7.98,11.69
Tripura,2024-01-01,2024-01,16.7,856.2,-7.29,266.9,0,0,13778.0,53.9,3.5,80.1,3719.0,300000.0,5.63,6.02,6.9,60000000.0,2024,1,1,Winter,20.634999999999998,8.11,11.649999999999999
Tripura,2024-01-31,2024-01,22.2,558.1,-1.82,139.2,0,0,11542.0,58.9,12.2,99.6,4869.0,301460.0,6.38,6.71,10.4,60292053.0,2024,1,1,Winter,8.78,16.31,13.09
Tripura,2024-03-01,2024-03,25.3,392.3,1.27,68.1,0,0,12054.0,49.1,6.6,122.3,5358.0,302928.0,6.14,6.37,7.3,60585528.0,2024,3,1,Summer,4.675,11.69,12.51
Tripura,2024-03-31,2024-03,26.9,0.0,2.86,-100.0,0,10,13724.0,55.1,6.3,113.5,5296.0,304402.0,6.62,7.03,8.9,60880431.0,2024,3,1,Summer,7.859999999999999,10.79,13.65
Tripura,2024-04-30,2024-04,27.4,0.0,3.41,-100.0,0,10,4646.0,55.5,23.3,131.0,4380.0,305884.0,5.79,6.06,6.9,61176769.0,2024,4,2,Summer,8.41,27.75,11.85
Tripura,2024-05-30,2024-05,30.7,173.4,6.66,-25.7,0,10,10597.0,55.3,25.5,103.5,5122.0,307373.0,6.96,5.92,9.4,61474550.0,2024,5,2,Summer,7.945,29.97,12.879999999999999
Tripura,2024-06-29,2024-06,28.5,546.1,4.47,134.1,0,0,14330.0,47.0,9.5,83.4,4948.0,308869.0,6.5,5.42,9.4,61773781.0,2024,6,2,Monsoon,11.175,14.8,11.92
Tripura,2024-07-29,2024-07,27.5,701.3,3.46,200.6,0,0,10070.0,63.3,4.5,100.4,5115.0,310372.0,6.47,5.3,14.7,62074468.0,2024,7,3,Monsoon,13.489999999999998,8.17,11.77
Tripura,2024-08-28,2024-08,26.1,197.6,2.08,-15.3,0,0,11220.0,53.1,3.2,93.6,5641.0,311883.0,5.17,5.25,8.7,62376618.0,2024,8,3,Monsoon,2.845,7.89,10.42
Tripura,2024-09-27,2024-09,21.0,0.0,-3.04,-100.0,0,10,16673.0,56.2,21.7,110.0,5570.0,313401.0,6.39,4.93,7.5,62680240.0,2024,9,3,Monsoon,8.04,26.08,11.32
Tripura,2024-10-27,2024-10,18.8,0.0,-5.22,-100.0,0,10,15793.0,50.9,22.0,74.8,4883.0,314927.0,6.11,4.38,10.2,62985339.0,2024,10,4,Post-Monsoon,10.219999999999999,26.91,10.49
Tripura,2024-11-26,2024-11,20.5,168.8,-3.49,-27.7,0,10,13119.0,54.6,28.0,93.6,5076.0,316460.0,6.15,5.49,11.1,63291923.0,2024,11,4,Post-Monsoon,4.875,32.54,11.64
Uttar Pradesh,2024-01-01,2024-01,24.4,352.3,-2.59,284.3,0,0,24989.0,77.0,11.3,103.7,13512.0,200000.0,8.68,6.54,11.0,40000000.0,2024,1,1,Winter,16.805,13.600000000000001,15.219999999999999
Uttar Pradesh,2024-01-31,2024-01,25.3,391.4,-1.67,327.0,0,0,30041.0,83.2,4.4,96.4,13186.0,200974.0,8.14,7.36,15.6,40194702.0,2024,1,1,Winter,18.020000000000003,6.08,15.5
Uttar Pradesh,2024-03-01,2024-03,25.5,57.4,-1.55,-37.3,0,10,16729.0,77.9,29.6,94.7,12285.0,201952.0,8.38,7.38,10.9,40390352.0,2024,3,1,Summer,3.415,31.810000000000002,15.760000000000002
Uttar Pradesh,2024-03-31,2024-03,25.9,0.0,-1.06,-100.0,0,10,33531.0,87.3,20.2,140.5,11818.0,202935.0,9.09,7.7,16.6,40586954.0,2024,3,1,Summer,6.0600000000000005,21.47,16.79
Uttar Pradesh,2024-04-30,2024-04,32.6,0.0,5.64,-100.0,0,10,12974.0,87.1,23.0,100.4,12179.0,203923.0,8.06,7.25,13.2,40784513.0,2024,4,2,Summer,10.64,24.29,15.31
Uttar Pradesh,2024-05-30,2024-05,32.6,60.7,5.56,-33.8,0,10,41159.0,84.0,30.4,114.4,11853.0,204915.0,8.82,6.94,11.0,40983034.0,2024,5,2,Summer,7.25,32.0,15.760000000000002
Uttar Pradesh,2024-06-29,2024-06,36.2,260.1,9.22,183.8,0,0,30327.0,92.4,6.4,107.1,12343.0,205913.0,8.94,6.72,10.9,41182521.0,2024,6,2,Monsoon,18.410000000000004,7.16,15.66
Uttar Pradesh,2024-07-29,2024-07,29.7,305.0,2.72,232.7,0,0,37495.0,88.0,1.2,117.6,12274.0,206915.0,9.18,6.35,13.0,41382979.0,2024,7,3,Monsoon,14.355,2.4,15.53
Uttar Pradesh,2024-08-28,2024-08,28.0,97.8,0.96,6.7,0,0,33975.0,82.8,5.8,98.7,13550.0,207922.0,8.54,5.8,11.0,41584412.0,2024,8,3,Monsoon,1.295,7.52,14.34
Uttar Pradesh,2024-09-27,2024-09,22.9,0.0,-4.08,-100.0,0,10,35647.0,81.8,23.9,114.9,12409.0,208934.0,8.52,4.85,14.5,41786827.0,2024,9,3,Monsoon,9.08,25.72,13.37
Uttar Pradesh,2024-10-27,2024-10,26.4,0.0,-0.57,-100.0,0,10,26104.0,92.1,29.0,88.0,11567.0,209951.0,7.72,6.09,12.1,41990226.0,2024,10,4,Post-Monsoon,5.57,29.79,13.809999999999999
Uttar Pradesh,2024-11-26,2024-11,25.2,77.6,-1.81,-15.3,0,0,36045.0,89.0,2.9,60.6,12946.0,210973.0,8.39,5.81,12.2,42194616.0,2024,11,4,Post-Monsoon,2.575,4.0,14.2
Uttarakhand,2024-01-01,2024-01,8.7,262.9,-6.31,162.9,0,0,9093.0,55.1,7.2,80.9,4796.0,300000.0,6.71,5.05,11.6,60000000.0,2024,1,1,Winter,14.454999999999998,11.690000000000001,11.76
Uttarakhand,2024-01-31,2024-01,12.6,362.9,-2.39,262.9,0,0,13647.0,57.9,5.3,139.5,4218.0,301460.0,6.17,5.94,6.8,60292053.0,2024,1,1,Winter,15.535,9.51,12.11
Uttarakhand,2024-03-01,2024-03,11.6,145.9,-3.38,45.9,0,0,15881.0,50.5,5.3,73.4,4905.0,302928.0,6.84,6.38,6.7,60585528.0,2024,3,1,Summer,5.675,10.25,13.219999999999999
Uttarakhand,2024-03-31,2024-03,17.2,0.0,2.18,-100.0,0,10,14212.0,62.6,4.6,71.0,4994.0,304402.0,6.57,6.9,7.1,60880431.0,2024,3,1,Summer,7.18,8.34,13.47
Uttarakhand,2024-04-30,2024-04,17.3,0.0,2.31,-100.0,0,10,3748.0,59.4,26.1,91.6,3698.0,305884.0,6.11,6.36,11.2,61176769.0,2024,4,2,Summer,7.3100000000000005,30.160000000000004,12.47
Uttarakhand,2024-05-30,2024-05,21.6,102.2,6.65,2.2,0,0,15597.0,57.0,6.3,124.7,4464.0,307373.0,6.53,6.46,9.7,61474550.0,2024,5,2,Summer,6.760000000000001,10.6,12.99
Uttarakhand,2024-06-29,2024-06,16.8,167.1,1.75,67.1,0,0,17041.0,46.1,8.6,106.4,4748.0,308869.0,6.88,5.8,6.6,61773781.0,2024,6,2,Monsoon,5.1049999999999995,13.989999999999998,12.68
Uttarakhand,2024-07-29,2024-07,16.8,410.0,1.83,310.0,0,0,14755.0,52.6,6.0,86.5,5017.0,310372.0,6.22,5.93,7.0,62074468.0,2024,7,3,Monsoon,17.33,10.74,12.149999999999999
Uttarakhand,2024-08-28,2024-08,14.5,54.9,-0.52,-45.1,0,10,11738.0,58.4,21.7,77.0,5333.0,311883.0,5.82,5.06,8.9,62376618.0,2024,8,3,Monsoon,2.775,25.86,10.879999999999999
Uttarakhand,2024-09-27,2024-09,12.0,0.0,-2.99,-100.0,0,10,16388.0,51.6,19.8,123.9,4509.0,313401.0,5.51,5.14,13.6,62680240.0,2024,9,3,Monsoon,7.99,24.64,10.649999999999999
Uttarakhand,2024-10-27,2024-10,5.3,0.0,-9.72,-100.0,0,10,10885.0,58.9,26.4,95.0,4701.0,314927.0,6.1,4.66,5.9,62985339.0,2024,10,4,Post-Monsoon,14.72,30.509999999999998,10.76
Uttarakhand,2024-11-26,2024-11,9.5,120.9,-5.46,20.9,0,0,15414.0,59.9,10.2,101.7,4596.0,316460.0,6.13,5.63,10.0,63291923.0,2024,11,4,Post-Monsoon,6.505,14.209999999999999,11.76
West Bengal,2024-01-01,2024-01,26.4,335.1,-0.63,265.5,0,0,10007.0,57.1,6.6,128.0,5325.0,300000.0,6.0,5.62,6.8,60000000.0,2024,1,1,Winter,13.905000000000001,10.89,11.620000000000001
West Bengal,2024-01-31,2024-01,24.0,167.3,-3.04,82.5,0,0,8393.0,50.0,8.2,92.3,5125.0,301460.0,6.42,6.57,5.9,60292053.0,2024,1,1,Winter,7.165,13.2,12.99
West Bengal,2024-03-01,2024-03,32.1,93.3,5.15,1.8,0,0,16790.0,58.0,14.3,96.3,5267.0,302928.0,6.79,6.84,11.8,60585528.0,2024,3,1,Summer,5.24,18.5,13.629999999999999
West Bengal,2024-03-31,2024-03,29.5,0.0,2.53,-100.0,0,10,14130.0,64.0,4.0,104.6,5249.0,304402.0,5.33,6.39,8.7,60880431.0,2024,3,1,Summer,7.529999999999999,7.6,11.719999999999999
West Bengal,2024-04-30,2024-04,31.7,0.0,4.73,-100.0,0,10,5666.0,59.2,26.3,87.7,4721.0,305884.0,6.25,7.2,10.4,61176769.0,2024,4,2,Summer,9.73,30.380000000000003,13.45
West Bengal,2024-05-30,2024-05,30.9,76.6,3.85,-16.4,0,0,11700.0,58.9,6.3,109.2,5837.0,307373.0,5.88,5.99,11.5,61474550.0,2024,5,2,Summer,4.67,10.41,11.870000000000001
West Bengal,2024-06-29,2024-06,31.3,209.6,4.26,128.7,0,0,14983.0,49.5,7.0,92.3,5348.0,308869.0,5.52,6.29,8.4,61773781.0,2024,6,2,Monsoon,10.695,12.05,11.809999999999999
West Bengal,2024-07-29,2024-07,28.1,258.4,1.07,181.9,0,0,17547.0,54.6,4.1,69.6,4821.0,310372.0,6.8,5.5,8.7,62074468.0,2024,7,3,Monsoon,10.165000000000001,8.64,12.3
West Bengal,2024-08-28,2024-08,26.5,133.0,-0.51,45.1,0,0,17671.0,57.5,6.7,101.0,5004.0,311883.0,5.74,4.83,9.9,62376618.0,2024,8,3,Monsoon,2.7649999999999997,10.95,10.57
West Bengal,2024-09-27,2024-09,19.2,0.0,-7.8,-100.0,0,10,13019.0,57.1,27.1,109.8,4737.0,313401.0,6.04,4.62,8.7,62680240.0,2024,9,3,Monsoon,12.8,31.39,10.66
West Bengal,2024-10-27,2024-10,25.2,0.0,-1.84,-100.0,0,10,6832.0,52.6,28.3,82.7,5347.0,314927.0,6.04,4.3,9.9,62985339.0,2024,10,4,Post-Monsoon,6.84,33.04,10.34
West Bengal,2024-11-26,2024-11,21.3,81.5,-5.69,-11.1,0,0,11059.0,58.1,8.2,113.7,4317.0,316460.0,5.51,4.95,5.6,63291923.0,2024,11,4,Post-Monsoon,6.245,12.389999999999999,10.46
